name,link,images,description,address,distance_to_city_center,star,rating,num_reviews,price
Berlin Marriott Hotel,,"['https://imgcy.trivago.com/c_fill,d_dummy.jpeg,e_sharpen:60,f_auto,h_267,q_40,w_400/partner-images/d0/8d/15f376e2af7e393785318326f6790cd1f6f5108a2e734263234b5d2d660d.jpeg', 'https://imgcy.trivago.com/c_fill,d_dummy.jpeg,e_sharpen:60,f_auto,h_267,q_40,w_400/partner-images/79/c3/f50cd8a9366fba9b5bd193a0190a28d21936a01399fa8ca1efcab3dee314.jpeg', 'https://imgcy.trivago.com/c_fill,d_dummy.jpeg,e_sharpen:60,f_auto,h_267,q_40,w_400/partner-images/c8/70/479624665836bedc4da378df43f63c10c1025bdd95969dac5866d2caff14.jpeg']","Indulge yourself with a lavish stay in Germany at the Berlin Marriott Hotel. Our stylishly designed family hotel offers a modern interpretation of the Bauhaus style right in the heart of Berlin. Experience residential-like, comfortable guest rooms with novel platform beds as well as innovative technology and amenities like energy-saving and particularly hygienic circulating air cooling units. As a ""LiYu"" certified hotel, we also provide a variety of amenities and services tailored for our Chinese guests to experience throughout their stay. Fuel up with delectable food and the finest of steaks at the Midtown Grill or enjoy delicious hot dogs and a variety of craft beers from The Big Dog. Explore downtown Berlin from our well-situated business hotel near Potsdamer Platz, Brandenburg Gate and Tiergarten park. Our exceptional customizable event spaces and conference rooms are a perfect fit for your meeting or wedding needs. Let us make your stay at our pet-friendly hotel in Berlin unforgettable!","Inge-Beisheim-Platz 1, 10785, Berlin, Germany",0.6,5.0,9.0,9055,177.0
Hampton by Hilton Berlin City Centre Alexanderplatz,,"['https://imgcy.trivago.com/c_fill,d_dummy.jpeg,e_sharpen:60,f_auto,h_267,q_40,w_400/partner-images/d0/8d/15f376e2af7e393785318326f6790cd1f6f5108a2e734263234b5d2d660d.jpeg', 'https://imgcy.trivago.com/c_fill,d_dummy.jpeg,e_sharpen:60,f_auto,h_267,q_40,w_400/partner-images/79/c3/f50cd8a9366fba9b5bd193a0190a28d21936a01399fa8ca1efcab3dee314.jpeg', 'https://imgcy.trivago.com/c_fill,d_dummy.jpeg,e_sharpen:60,f_auto,h_267,q_40,w_400/partner-images/c8/70/479624665836bedc4da378df43f63c10c1025bdd95969dac5866d2caff14.jpeg']","Daily Mandatory Charge includes: City Tax 7.5% on net logis per room /night. Right in the heart of the city, surrounded by famous attractions, you’ll find the Hampton by Hilton Berlin City Centre Alexanderplatz hotel. With the nearest train station just a 5 minute walk from our hotel, it’s easy to see the sights. Spend a night on the town in the entertainment district. Experience panoramic views of the city at the TV Tower and discover Berlin’s vibrant nightlife in various bars and restaurants. Shuttle service is available by reservation. Each day of your stay in Alexanderplatz is off to a great start with our hot breakfast included in your stay, featuring all your favorites including eggs, beans, waffles, fruit and more. Stop by the 24/7 Hub when you have a late night craving. Unwind in a spacious room with a 40-inch HDTV, free WiFi and an inviting armchair with ottoman. Rest peacefully on a clean and comfy bed. Make tea and coffee right in your own room. Ask our friendly team about connecting rooms and accessible room options.","OTTO-BRAUN-STRASSE 69, 10178, Berlin, Germany",2.9,3.0,8.4,23575,111.0
INNSiDE by Meliá Berlin Mitte,,"['https://imgcy.trivago.com/c_fill,d_dummy.jpeg,e_sharpen:60,f_auto,h_267,q_40,w_400/partner-images/d0/8d/15f376e2af7e393785318326f6790cd1f6f5108a2e734263234b5d2d660d.jpeg', 'https://imgcy.trivago.com/c_fill,d_dummy.jpeg,e_sharpen:60,f_auto,h_267,q_40,w_400/partner-images/79/c3/f50cd8a9366fba9b5bd193a0190a28d21936a01399fa8ca1efcab3dee314.jpeg', 'https://imgcy.trivago.com/c_fill,d_dummy.jpeg,e_sharpen:60,f_auto,h_267,q_40,w_400/partner-images/c8/70/479624665836bedc4da378df43f63c10c1025bdd95969dac5866d2caff14.jpeg']",N/A,N/A,1.9,4.0,8.4,13378,74.0
Eurostars Berlin,,"['https://imgcy.trivago.com/c_fill,d_dummy.jpeg,e_sharpen:60,f_auto,h_267,q_40,w_400/partner-images/d0/8d/15f376e2af7e393785318326f6790cd1f6f5108a2e734263234b5d2d660d.jpeg', 'https://imgcy.trivago.com/c_fill,d_dummy.jpeg,e_sharpen:60,f_auto,h_267,q_40,w_400/partner-images/79/c3/f50cd8a9366fba9b5bd193a0190a28d21936a01399fa8ca1efcab3dee314.jpeg', 'https://imgcy.trivago.com/c_fill,d_dummy.jpeg,e_sharpen:60,f_auto,h_267,q_40,w_400/partner-images/c8/70/479624665836bedc4da378df43f63c10c1025bdd95969dac5866d2caff14.jpeg']","Great care is taken to ensure guests experience comfort through top-notch services and amenities. Stay connected with your associates, as complimentary Wi-Fi is available during your entire visit.To facilitate your arrival and departure, you can pre-book airport transfer services prior to checking in.The hotel offers taxi amenities to assist you in discovering your desired offerings in Berlin. When arriving by car, take advantage of the hotel's convenient on-site parking facilities.The hotel offers reception amenities including concierge service, luggage storage and safety deposit boxes to ensure a comfortable stay for guests.Should you require assistance, the ticket service and tours can also aid in booking tickets and securing reservations at the finest shows and events in the vicinity.Whether it's an extended stay or simply needing fresh attire, dry cleaning service and laundry service provided by hotel ensures your cherished travel garments stay spotless and accessible.Your stay will be comfortable with the presence of room service and daily housekeeping as an in-room amenity for your relaxation and enjoyment. To ensure the well-being and convenience of all visitors, smoking is strictly prohibited throughout the entire hotel.In order to ensure the utmost level of relaxation, the guestrooms feature an inviting design and are equipped with all basic necessities, creating a delightful stay experience. To ensure a pleasant stay, a selection of rooms at hotel come furnished with linen service, blackout curtains and air conditioning, all designed with your ease in mind.In select rooms, visitors can enjoy a touch of amusement with the availability of television and cable TV for their entertainment needs.Within specific rooms, a refrigerator, a coffee or tea maker and mini bar is conveniently available for your use.Understanding the significance of bathroom facilities in enhancing visitor contentment, hotel offers a hair dryer, toiletries and bathrobes within a few chosen chambers. Start your day stress-free at Eurostars Berlin as breakfast is made available for you on the premises. Various excellent meal offerings at hotel ensure that enticing and easily accessible options are constantly available.Upon your arrival, don't miss experiencing bar for enjoyable in-house evening entertainment. Visitors wishing to create their personal culinary delights will appreciate the on-site shared kitchen provided at this establishment. Throughout the day, engage in the entertaining activities available at Eurostars Berlin. Make sure to discover the readily available beach at hotel.Unwind effortlessly each day by exploring the steam room, conveniently situated within the hotel.Guests who enjoy maintaining their fitness regimen while on holiday can visit the fitness center provided by hotel.","Friedrichstraße 99, 10117, Berlin, Germany",0.8,5.0,8.5,13074,117.0
The Westin Grand Berlin,,"['https://imgcy.trivago.com/c_fill,d_dummy.jpeg,e_sharpen:60,f_auto,h_267,q_40,w_400/partner-images/d0/8d/15f376e2af7e393785318326f6790cd1f6f5108a2e734263234b5d2d660d.jpeg', 'https://imgcy.trivago.com/c_fill,d_dummy.jpeg,e_sharpen:60,f_auto,h_267,q_40,w_400/partner-images/79/c3/f50cd8a9366fba9b5bd193a0190a28d21936a01399fa8ca1efcab3dee314.jpeg', 'https://imgcy.trivago.com/c_fill,d_dummy.jpeg,e_sharpen:60,f_auto,h_267,q_40,w_400/partner-images/c8/70/479624665836bedc4da378df43f63c10c1025bdd95969dac5866d2caff14.jpeg']",N/A,N/A,0.7,5.0,8.7,16246,192.0
Victor's Residenz-Hotel Berlin Mitte,,"['https://imgcy.trivago.com/c_fill,d_dummy.jpeg,e_sharpen:60,f_auto,h_267,q_40,w_400/partner-images/d0/8d/15f376e2af7e393785318326f6790cd1f6f5108a2e734263234b5d2d660d.jpeg', 'https://imgcy.trivago.com/c_fill,d_dummy.jpeg,e_sharpen:60,f_auto,h_267,q_40,w_400/partner-images/79/c3/f50cd8a9366fba9b5bd193a0190a28d21936a01399fa8ca1efcab3dee314.jpeg', 'https://imgcy.trivago.com/c_fill,d_dummy.jpeg,e_sharpen:60,f_auto,h_267,q_40,w_400/partner-images/c8/70/479624665836bedc4da378df43f63c10c1025bdd95969dac5866d2caff14.jpeg']","Direkt gegenüber vom Volkspark Friedrichshain befindet sich das mit vier Sternen ausgezeichnete Victor's Residenz-Hotel Berlin. Es präsentiert sich mit einer modernen Glasfassade sowie einem klassischen Interieur. Insgesamt verfügt das Haus über 133 Zimmer und Suiten. Diese sind mit Pay-TV, kostenlosem WLAN, einem Schreibtisch, einer Sitzecke und einer Telefon-Flatrate ausgestattet. Die Annehmlichkeiten im Victor's Residenz-Hotel Berlin-Mitte umfassen sechs Tagungs- beziehungsweise Veranstaltungsräume, gebührenpflichtige Stellplätze in der eigenen Tiefgarage, eine Terrasse sowie einen begrünten Innenhof. Gegen Aufpreis ist zudem die Mitnahme von Haustieren erlaubt. Geschmackvoll genießen nach Victor’s Art: In unserem Frühstücksrestaurant starten Sie mit einem reichhaltigen Buffet perfekt in einen erlebnisreichen Tag. Bei schönem Wetter können Sie nach Gusto auch in unserem mediterran angelegten Innenhof Platz nehmen. Am Abend empfangen wir Sie in unserer stilvollen Victor’s Bar - mit Drinks, Snacks und ausgewählten Sport-Highlights live bei Sky und DAZN. Die Bushaltestelle Bötzowstraße befindet sich nur eine Gehminute entfernt. Von hier aus beträgt die Fahrtzeit zum Alexanderplatz acht Minuten. Den Hackeschen Markt erreicht man mit dem Bus in einer Viertelstunde.","Am Friedrichshain 17, 10407, Berlin, Germany",3.7,4.0,8.5,13497,89.0
NH Berlin Alexanderplatz,,"['https://imgcy.trivago.com/c_fill,d_dummy.jpeg,e_sharpen:60,f_auto,h_267,q_40,w_400/partner-images/d0/8d/15f376e2af7e393785318326f6790cd1f6f5108a2e734263234b5d2d660d.jpeg', 'https://imgcy.trivago.com/c_fill,d_dummy.jpeg,e_sharpen:60,f_auto,h_267,q_40,w_400/partner-images/79/c3/f50cd8a9366fba9b5bd193a0190a28d21936a01399fa8ca1efcab3dee314.jpeg', 'https://imgcy.trivago.com/c_fill,d_dummy.jpeg,e_sharpen:60,f_auto,h_267,q_40,w_400/partner-images/c8/70/479624665836bedc4da378df43f63c10c1025bdd95969dac5866d2caff14.jpeg']","Set in Berlin’s hip artistic district of Friedrichshain, NH Berlin Alexanderplatz is well-connected to all of the city’s top attractions. Across the street, guests will find the Volkspark Friedrichshain Park, while coffee shops and beer gardens are just down the street. Take a 10-minute tram ride to Alexanderplatz square from the Klinikum im Friedrichshain stop. The Strausberger Platz metro station is only a short walk away. If driving, the hotel has an underground parking garage. NH Berlin Alexanderplatz also has a lot of surprises for its guests, such as the 50,000 bees that the hotel keeps on the roof. There are 225 modern stylish rooms that are equipped with free Wi-Fi and were renovated in 2018. Some have a lovely view of the Frankfurter Tor Square or the TV tower. For lunch and dinner, head to the hotel’s restaurant, which features international cuisine. During good weather, enjoy your meal on the summer terrace. Otherwise, relax on a cozy sofa in front of the fireplace, with a great German beer and light bites at our bar. The hotel also has spa facilities, with a steam room, sauna,infrared sauna, wellness showers, fitness area and foot-bath. For meetings, there are 12 function rooms.","Landsberger Allee 26, 10249, Berlin, Germany",4.1,4.0,8.4,9153,96.0
Waldorf Astoria Berlin,,"['https://imgcy.trivago.com/c_fill,d_dummy.jpeg,e_sharpen:60,f_auto,h_267,q_40,w_400/partner-images/d0/8d/15f376e2af7e393785318326f6790cd1f6f5108a2e734263234b5d2d660d.jpeg', 'https://imgcy.trivago.com/c_fill,d_dummy.jpeg,e_sharpen:60,f_auto,h_267,q_40,w_400/partner-images/79/c3/f50cd8a9366fba9b5bd193a0190a28d21936a01399fa8ca1efcab3dee314.jpeg', 'https://imgcy.trivago.com/c_fill,d_dummy.jpeg,e_sharpen:60,f_auto,h_267,q_40,w_400/partner-images/c8/70/479624665836bedc4da378df43f63c10c1025bdd95969dac5866d2caff14.jpeg']","The Waldorf Astoria Berlin welcomes its guests in the heart of Berlin’s City West with contemporary luxury combined with unparalleled Waldorf Service. 232 generous rooms and suites provide quiet comfort in an eclectic mix of warm colors and modern Art Deco style. Guests experience an air of refined exclusivity at Germany’s first Waldorf Astoria Spa. ROCA offers an all-day, dining experience featuring seasonal Eastern Mediterranean cuisine while the Library Lounge on the 15th floor is exclusively reserved for hotel guests. Epic views and sophisticated ambiance are constant companions, while Berlin’s legendary shopping boulevard Kurfuerstendamm is just a stroll away.","Hardenbergstrasse 28, 10623, Berlin, Germany",3.2,5.0,9.0,7960,306.0
Premier Inn Berlin Alexanderplatz,,"['https://imgcy.trivago.com/c_fill,d_dummy.jpeg,e_sharpen:60,f_auto,h_267,q_40,w_400/partner-images/d0/8d/15f376e2af7e393785318326f6790cd1f6f5108a2e734263234b5d2d660d.jpeg', 'https://imgcy.trivago.com/c_fill,d_dummy.jpeg,e_sharpen:60,f_auto,h_267,q_40,w_400/partner-images/79/c3/f50cd8a9366fba9b5bd193a0190a28d21936a01399fa8ca1efcab3dee314.jpeg', 'https://imgcy.trivago.com/c_fill,d_dummy.jpeg,e_sharpen:60,f_auto,h_267,q_40,w_400/partner-images/c8/70/479624665836bedc4da378df43f63c10c1025bdd95969dac5866d2caff14.jpeg']","Our stylish Premier Inn Berlin Alexanderplatz hotel is ideal if you’re looking for great-value hotels in Berlin. Thanks to our handy location just a five-minute walk away from Alexanderplatz, you’ll have some of Berlin’s top attractions right on your doorstep when you stay with us. Families can enjoy days out with the kids in Berlin at spots like Little BIG City, while culture-lovers can see the famous Berliner Fernsehturm and World Time Clock – two of the most popular places to visit in Berlin – before exploring the scenic Gendarmenmarkt square. After exciting days out in Berlin, you can look forward to laid-back evenings at our bar and restaurant, before enjoying a great night’s sleep on one of our super-comfy beds.","Theanolte-Baehnisch-Strasse 2, 10178, Berlin, Germany",2.8,3.0,8.3,5058,80.0
Pullman Berlin Schweizerhof,,"['https://imgcy.trivago.com/c_fill,d_dummy.jpeg,e_sharpen:60,f_auto,h_267,q_40,w_400/partner-images/d0/8d/15f376e2af7e393785318326f6790cd1f6f5108a2e734263234b5d2d660d.jpeg', 'https://imgcy.trivago.com/c_fill,d_dummy.jpeg,e_sharpen:60,f_auto,h_267,q_40,w_400/partner-images/79/c3/f50cd8a9366fba9b5bd193a0190a28d21936a01399fa8ca1efcab3dee314.jpeg', 'https://imgcy.trivago.com/c_fill,d_dummy.jpeg,e_sharpen:60,f_auto,h_267,q_40,w_400/partner-images/c8/70/479624665836bedc4da378df43f63c10c1025bdd95969dac5866d2caff14.jpeg']",N/A,N/A,2.5,5.0,8.9,13671,137.0
ibis Berlin Mitte,,"['https://imgcy.trivago.com/c_fill,d_dummy.jpeg,e_sharpen:60,f_auto,h_267,q_40,w_400/partner-images/d0/8d/15f376e2af7e393785318326f6790cd1f6f5108a2e734263234b5d2d660d.jpeg', 'https://imgcy.trivago.com/c_fill,d_dummy.jpeg,e_sharpen:60,f_auto,h_267,q_40,w_400/partner-images/79/c3/f50cd8a9366fba9b5bd193a0190a28d21936a01399fa8ca1efcab3dee314.jpeg', 'https://imgcy.trivago.com/c_fill,d_dummy.jpeg,e_sharpen:60,f_auto,h_267,q_40,w_400/partner-images/c8/70/479624665836bedc4da378df43f63c10c1025bdd95969dac5866d2caff14.jpeg']",N/A,N/A,3.1,2.0,8.2,10364,64.0
Motel One Berlin-Tiergarten,,"['https://imgcy.trivago.com/c_fill,d_dummy.jpeg,e_sharpen:60,f_auto,h_267,q_40,w_400/partner-images/d0/8d/15f376e2af7e393785318326f6790cd1f6f5108a2e734263234b5d2d660d.jpeg', 'https://imgcy.trivago.com/c_fill,d_dummy.jpeg,e_sharpen:60,f_auto,h_267,q_40,w_400/partner-images/79/c3/f50cd8a9366fba9b5bd193a0190a28d21936a01399fa8ca1efcab3dee314.jpeg', 'https://imgcy.trivago.com/c_fill,d_dummy.jpeg,e_sharpen:60,f_auto,h_267,q_40,w_400/partner-images/c8/70/479624665836bedc4da378df43f63c10c1025bdd95969dac5866d2caff14.jpeg']",N/A,N/A,2.5,3.0,8.5,9647,71.0
Hotel Jurine,,"['https://imgcy.trivago.com/c_fill,d_dummy.jpeg,e_sharpen:60,f_auto,h_267,q_40,w_400/partner-images/d0/8d/15f376e2af7e393785318326f6790cd1f6f5108a2e734263234b5d2d660d.jpeg', 'https://imgcy.trivago.com/c_fill,d_dummy.jpeg,e_sharpen:60,f_auto,h_267,q_40,w_400/partner-images/79/c3/f50cd8a9366fba9b5bd193a0190a28d21936a01399fa8ca1efcab3dee314.jpeg', 'https://imgcy.trivago.com/c_fill,d_dummy.jpeg,e_sharpen:60,f_auto,h_267,q_40,w_400/partner-images/c8/70/479624665836bedc4da378df43f63c10c1025bdd95969dac5866d2caff14.jpeg']",N/A,N/A,2.9,3.0,8.0,3499,106.0
NH Berlin Potsdamer Platz,,"['https://imgcy.trivago.com/c_fill,d_dummy.jpeg,e_sharpen:60,f_auto,h_267,q_40,w_400/partner-images/d0/8d/15f376e2af7e393785318326f6790cd1f6f5108a2e734263234b5d2d660d.jpeg', 'https://imgcy.trivago.com/c_fill,d_dummy.jpeg,e_sharpen:60,f_auto,h_267,q_40,w_400/partner-images/79/c3/f50cd8a9366fba9b5bd193a0190a28d21936a01399fa8ca1efcab3dee314.jpeg', 'https://imgcy.trivago.com/c_fill,d_dummy.jpeg,e_sharpen:60,f_auto,h_267,q_40,w_400/partner-images/c8/70/479624665836bedc4da378df43f63c10c1025bdd95969dac5866d2caff14.jpeg']",N/A,N/A,1.7,4.0,8.6,5749,88.0
Clipper Boardinghouse Berlin-Gendarmenmarkt,,"['https://imgcy.trivago.com/c_fill,d_dummy.jpeg,e_sharpen:60,f_auto,h_267,q_40,w_400/partner-images/d0/8d/15f376e2af7e393785318326f6790cd1f6f5108a2e734263234b5d2d660d.jpeg', 'https://imgcy.trivago.com/c_fill,d_dummy.jpeg,e_sharpen:60,f_auto,h_267,q_40,w_400/partner-images/79/c3/f50cd8a9366fba9b5bd193a0190a28d21936a01399fa8ca1efcab3dee314.jpeg', 'https://imgcy.trivago.com/c_fill,d_dummy.jpeg,e_sharpen:60,f_auto,h_267,q_40,w_400/partner-images/c8/70/479624665836bedc4da378df43f63c10c1025bdd95969dac5866d2caff14.jpeg']","Great care is taken to ensure guests experience comfort through top-notch services and amenities. Stay connected with your associates, as complimentary Wi-Fi is available during your entire visit. When arriving by car, take advantage of the apartment's convenient on-site parking facilities.The apartment offers reception amenities including concierge service and luggage storage to ensure a comfortable stay for guests.Whether it's an extended stay or simply needing fresh attire, dry cleaning service and laundry service provided by apartment ensures your cherished travel garments stay spotless and accessible.","Behrenstraße 47, 10117, Berlin, Germany",0.8,0.0,9.2,5003,123.0
Titanic Comfort Mitte,,"['https://imgcy.trivago.com/c_fill,d_dummy.jpeg,e_sharpen:60,f_auto,h_267,q_40,w_400/partner-images/d0/8d/15f376e2af7e393785318326f6790cd1f6f5108a2e734263234b5d2d660d.jpeg', 'https://imgcy.trivago.com/c_fill,d_dummy.jpeg,e_sharpen:60,f_auto,h_267,q_40,w_400/partner-images/79/c3/f50cd8a9366fba9b5bd193a0190a28d21936a01399fa8ca1efcab3dee314.jpeg', 'https://imgcy.trivago.com/c_fill,d_dummy.jpeg,e_sharpen:60,f_auto,h_267,q_40,w_400/partner-images/c8/70/479624665836bedc4da378df43f63c10c1025bdd95969dac5866d2caff14.jpeg']","Welcome to your cozy hotel in the heart of Germany’s capital. The hotel is situated in a quiet corner away from the buzz of Berlin’s most popular district “Berlin-Mitte”, between Alexanderplatz and Potsdamer Platz.","Elisabeth-Mara-Straße 4, 10117, Berlin, Germany",1.9,3.0,8.1,18104,89.0
Meliá Berlin,,"['https://imgcy.trivago.com/c_fill,d_dummy.jpeg,e_sharpen:60,f_auto,h_267,q_40,w_400/partner-images/d0/8d/15f376e2af7e393785318326f6790cd1f6f5108a2e734263234b5d2d660d.jpeg', 'https://imgcy.trivago.com/c_fill,d_dummy.jpeg,e_sharpen:60,f_auto,h_267,q_40,w_400/partner-images/79/c3/f50cd8a9366fba9b5bd193a0190a28d21936a01399fa8ca1efcab3dee314.jpeg', 'https://imgcy.trivago.com/c_fill,d_dummy.jpeg,e_sharpen:60,f_auto,h_267,q_40,w_400/partner-images/c8/70/479624665836bedc4da378df43f63c10c1025bdd95969dac5866d2caff14.jpeg']",N/A,N/A,0.9,4.0,8.8,22201,127.0
aletto Hotel Kudamm,,"['https://imgcy.trivago.com/c_fill,d_dummy.jpeg,e_sharpen:60,f_auto,h_267,q_40,w_400/partner-images/d0/8d/15f376e2af7e393785318326f6790cd1f6f5108a2e734263234b5d2d660d.jpeg', 'https://imgcy.trivago.com/c_fill,d_dummy.jpeg,e_sharpen:60,f_auto,h_267,q_40,w_400/partner-images/79/c3/f50cd8a9366fba9b5bd193a0190a28d21936a01399fa8ca1efcab3dee314.jpeg', 'https://imgcy.trivago.com/c_fill,d_dummy.jpeg,e_sharpen:60,f_auto,h_267,q_40,w_400/partner-images/c8/70/479624665836bedc4da378df43f63c10c1025bdd95969dac5866d2caff14.jpeg']",N/A,N/A,3.4,3.0,8.4,14407,67.0
Dorint Kurfurstendamm Berlin,,"['https://imgcy.trivago.com/c_fill,d_dummy.jpeg,e_sharpen:60,f_auto,h_267,q_40,w_400/partner-images/d0/8d/15f376e2af7e393785318326f6790cd1f6f5108a2e734263234b5d2d660d.jpeg', 'https://imgcy.trivago.com/c_fill,d_dummy.jpeg,e_sharpen:60,f_auto,h_267,q_40,w_400/partner-images/79/c3/f50cd8a9366fba9b5bd193a0190a28d21936a01399fa8ca1efcab3dee314.jpeg', 'https://imgcy.trivago.com/c_fill,d_dummy.jpeg,e_sharpen:60,f_auto,h_267,q_40,w_400/partner-images/c8/70/479624665836bedc4da378df43f63c10c1025bdd95969dac5866d2caff14.jpeg']","Sofitel Berlin Kurfurstendamm Hotel is conveniently located in the popular Charlottenburg area. The property features a wide range of facilities to make your stay a pleasant experience. 24-hour front desk, facilities for disabled guests, luggage storage, Wi-Fi in public areas, valet parking are just some of the facilities on offer. Guestrooms are designed to provide an optimal level of comfort with welcoming decor and some offering convenient amenities like television LCD/plasma screen, internet access – wireless, air conditioning, heating, wake-up service. The hotel's peaceful atmosphere extends to its recreational facilities which include fitness center, sauna, massage. Sofitel Berlin Kurfurstendamm Hotel is an excellent choice from which to explore Berlin or to simply relax and rejuvenate.","Augsburger Strasse 41, 10789, Berlin, Germany",3.5,5.0,9.0,15427,107.0
martas Hotel Allegra Berlin,,"['https://imgcy.trivago.com/c_fill,d_dummy.jpeg,e_sharpen:60,f_auto,h_267,q_40,w_400/partner-images/d0/8d/15f376e2af7e393785318326f6790cd1f6f5108a2e734263234b5d2d660d.jpeg', 'https://imgcy.trivago.com/c_fill,d_dummy.jpeg,e_sharpen:60,f_auto,h_267,q_40,w_400/partner-images/79/c3/f50cd8a9366fba9b5bd193a0190a28d21936a01399fa8ca1efcab3dee314.jpeg', 'https://imgcy.trivago.com/c_fill,d_dummy.jpeg,e_sharpen:60,f_auto,h_267,q_40,w_400/partner-images/c8/70/479624665836bedc4da378df43f63c10c1025bdd95969dac5866d2caff14.jpeg']",N/A,N/A,0.8,3.0,8.1,4318,99.0
ARCOTEL John F Berlin,,"['https://imgcy.trivago.com/c_fill,d_dummy.jpeg,e_sharpen:60,f_auto,h_267,q_40,w_400/partner-images/d0/8d/15f376e2af7e393785318326f6790cd1f6f5108a2e734263234b5d2d660d.jpeg', 'https://imgcy.trivago.com/c_fill,d_dummy.jpeg,e_sharpen:60,f_auto,h_267,q_40,w_400/partner-images/79/c3/f50cd8a9366fba9b5bd193a0190a28d21936a01399fa8ca1efcab3dee314.jpeg', 'https://imgcy.trivago.com/c_fill,d_dummy.jpeg,e_sharpen:60,f_auto,h_267,q_40,w_400/partner-images/c8/70/479624665836bedc4da378df43f63c10c1025bdd95969dac5866d2caff14.jpeg']",N/A,N/A,1.3,4.0,8.5,11995,113.0
Motel One Berlin Ku'Damm,,"['https://imgcy.trivago.com/c_fill,d_dummy.jpeg,e_sharpen:60,f_auto,h_267,q_40,w_400/partner-images/d0/8d/15f376e2af7e393785318326f6790cd1f6f5108a2e734263234b5d2d660d.jpeg', 'https://imgcy.trivago.com/c_fill,d_dummy.jpeg,e_sharpen:60,f_auto,h_267,q_40,w_400/partner-images/79/c3/f50cd8a9366fba9b5bd193a0190a28d21936a01399fa8ca1efcab3dee314.jpeg', 'https://imgcy.trivago.com/c_fill,d_dummy.jpeg,e_sharpen:60,f_auto,h_267,q_40,w_400/partner-images/c8/70/479624665836bedc4da378df43f63c10c1025bdd95969dac5866d2caff14.jpeg']","Great care is taken to ensure guests experience comfort through top-notch services and amenities.Remain linked during your visit by utilizing the complimentary internet access available. Discovering Berlin becomes even more accessible, thanks to the car hire amenities provided at the hotel.Parking is accessible, supplied by the hotel for guests who arrive by car. Effortlessly plan your daily activities and travel requirements with express check-in or check-out and luggage storage provided by the front desk services.Need some relaxation? Your room features daily housekeeping to make your stay even more comfortable and enjoyable. Each morning at Motel One Berlin Ku'Damm, a scrumptious, homemade breakfast kick-starts the day. Experience a fantastic evening effortlessly! Relish an entertaining night without venturing beyond the confines of the bar.","Kantstraße 7-11A, 10623, Berlin, Germany",3.5,2.0,8.6,6505,83.0
Best Western Hotel am Spittelmarkt,,"['https://imgcy.trivago.com/c_fill,d_dummy.jpeg,e_sharpen:60,f_auto,h_267,q_40,w_400/partner-images/d0/8d/15f376e2af7e393785318326f6790cd1f6f5108a2e734263234b5d2d660d.jpeg', 'https://imgcy.trivago.com/c_fill,d_dummy.jpeg,e_sharpen:60,f_auto,h_267,q_40,w_400/partner-images/79/c3/f50cd8a9366fba9b5bd193a0190a28d21936a01399fa8ca1efcab3dee314.jpeg', 'https://imgcy.trivago.com/c_fill,d_dummy.jpeg,e_sharpen:60,f_auto,h_267,q_40,w_400/partner-images/c8/70/479624665836bedc4da378df43f63c10c1025bdd95969dac5866d2caff14.jpeg']","Located in Berlin,BE, the Best Western Hotel am Spittelmarkt is sure to provide a peaceful and comforting home away from home for any traveler. Each Best Western hotel provides free internet access, giving guests the opportunity to check emails and surf the web, all from the comforts of their room or the business center. With cleanliness and value being our top priority, we ensure a restful and productive stay. On top of that, our superior customer service will ensure that we meet all your needs and go beyond your expectations.","Neue Grünstraße 28, 10179, Berlin, Germany",2.0,3.0,8.2,12188,82.0
Motel One Berlin-Hauptbahnhof,,"['https://imgcy.trivago.com/c_fill,d_dummy.jpeg,e_sharpen:60,f_auto,h_267,q_40,w_400/partner-images/d0/8d/15f376e2af7e393785318326f6790cd1f6f5108a2e734263234b5d2d660d.jpeg', 'https://imgcy.trivago.com/c_fill,d_dummy.jpeg,e_sharpen:60,f_auto,h_267,q_40,w_400/partner-images/79/c3/f50cd8a9366fba9b5bd193a0190a28d21936a01399fa8ca1efcab3dee314.jpeg', 'https://imgcy.trivago.com/c_fill,d_dummy.jpeg,e_sharpen:60,f_auto,h_267,q_40,w_400/partner-images/c8/70/479624665836bedc4da378df43f63c10c1025bdd95969dac5866d2caff14.jpeg']","Unser Motel One Berlin-Hauptbahnhof liegt nicht nur sehr verkehrsgünstig, auch das Design steht ganz im Zeichen des namensgebenden Bahnhofs: Von kunstvollen Gleisinstallationen über gemütliche Sitzecken, die an Zugabteile erinnern bis hin zu historischen Aufnahmen, welche die Entwicklung des Bahnhofs abbilden. Doch trotz der zentralen Lage, überrascht unser Motel One mit einer grünen Oase und natürlichen Holzterrasse zum Entspannen.","Invalidenstraße 54, 10557, Berlin, Germany",1.3,2.0,8.6,14599,96.0
Mondrian Suites Berlin Checkpoint Charlie,,"['https://imgcy.trivago.com/c_fill,d_dummy.jpeg,e_sharpen:60,f_auto,h_267,q_40,w_400/partner-images/d0/8d/15f376e2af7e393785318326f6790cd1f6f5108a2e734263234b5d2d660d.jpeg', 'https://imgcy.trivago.com/c_fill,d_dummy.jpeg,e_sharpen:60,f_auto,h_267,q_40,w_400/partner-images/79/c3/f50cd8a9366fba9b5bd193a0190a28d21936a01399fa8ca1efcab3dee314.jpeg', 'https://imgcy.trivago.com/c_fill,d_dummy.jpeg,e_sharpen:60,f_auto,h_267,q_40,w_400/partner-images/c8/70/479624665836bedc4da378df43f63c10c1025bdd95969dac5866d2caff14.jpeg']","Mondrian suites hotel berlin checkpoint charlie offers top-notch services and amenities, ensuring guests experience utmost comfort. Share your photos and respond to emails at your convenience, thanks to the free Wi-Fi internet access offered by serviced apartment.Visitors can take advantage of the accessible parking options directly at the serviced apartment.Reception services such as luggage storage and safety deposit boxes are available to accommodate your requirements.Traveling with minimal baggage is achievable at mondrian suites hotel berlin checkpoint charlie, as the serviced apartment's laundromat and laundry service ensures your garments stay fresh.Room amenities feature daily housekeeping, allowing you to unwind and make the most of your visit. The serviced apartment maintains a completely smoke-free zone, providing a breathable atmosphere. Each accommodation at mondrian suites hotel berlin checkpoint charlie is thoughtfully created and adorned to provide visitors with a comfortable, home-like atmosphere. In certain rooms, the serviced apartment offers linen service and blackout curtains for guest convenience and satisfaction.At mondrian suites hotel berlin checkpoint charlie, uniquely crafted rooms provide various layout choices, featuring spaces equipped with separate living room and balcony or terrace.In select rooms, guests at the serviced apartment can enjoy top-notch in-room entertainment with television and cable TV available for their convenience.Rest assured, in a few chosen rooms, you will find the convenience of a refrigerator, a coffee or tea maker and bottled water at your disposal.Mondrian suites hotel berlin checkpoint charlie offers a hair dryer, toiletries and bathrobes in the restrooms of specific accommodations. Embark on your holiday experience in the most ideal manner. Commence each morning of your visit with an on-site breakfast. Experience the delight of a fresh morning by savoring excellent coffee at the cafe situated within serviced apartment. Experience an unforgettable evening with your fellow travelers just a short distance away, at serviced apartment's bar. Mondrian suites hotel berlin checkpoint charlie provides a superb assortment of leisure amenities for guests to enjoy. Unwind after a long day by stopping by steam room and sauna to rejuvenate your senses.For individuals who don't want to skip their exercise routine, visiting the serviced apartment fitness center ensures you maintain your vitality and wellness.","Markgrafenstrasse 16-16a, 10969, Berlin, Germany",1.6,4.0,8.5,11839,83.0
aletto Hotel Potsdamer Platz,,"['https://imgcy.trivago.com/c_fill,d_dummy.jpeg,e_sharpen:60,f_auto,h_267,q_40,w_400/partner-images/d0/8d/15f376e2af7e393785318326f6790cd1f6f5108a2e734263234b5d2d660d.jpeg', 'https://imgcy.trivago.com/c_fill,d_dummy.jpeg,e_sharpen:60,f_auto,h_267,q_40,w_400/partner-images/79/c3/f50cd8a9366fba9b5bd193a0190a28d21936a01399fa8ca1efcab3dee314.jpeg', 'https://imgcy.trivago.com/c_fill,d_dummy.jpeg,e_sharpen:60,f_auto,h_267,q_40,w_400/partner-images/c8/70/479624665836bedc4da378df43f63c10c1025bdd95969dac5866d2caff14.jpeg']",No description available,"12-14 Luckenwalder Straße, 10963, Berlin, Germany",1.8,3.0,8.9,12573,83.0
a&o Berlin Mitte,,"['https://imgcy.trivago.com/c_fill,d_dummy.jpeg,e_sharpen:60,f_auto,h_267,q_40,w_400/partner-images/d0/8d/15f376e2af7e393785318326f6790cd1f6f5108a2e734263234b5d2d660d.jpeg', 'https://imgcy.trivago.com/c_fill,d_dummy.jpeg,e_sharpen:60,f_auto,h_267,q_40,w_400/partner-images/79/c3/f50cd8a9366fba9b5bd193a0190a28d21936a01399fa8ca1efcab3dee314.jpeg', 'https://imgcy.trivago.com/c_fill,d_dummy.jpeg,e_sharpen:60,f_auto,h_267,q_40,w_400/partner-images/c8/70/479624665836bedc4da378df43f63c10c1025bdd95969dac5866d2caff14.jpeg']","A&o Berlin Mitte provides flawless service and all the necessary facilities for visitors.Maintain seamless communication using the complimentary Wi-Fi at hostel. Discovering Berlin becomes even more accessible, thanks to the taxi amenities provided at the hostel.Guests can avail parking facilities at the hostel.During your stay at this fantastic hostel, the attentive front desk personnel can provide you with a range of amenities such as luggage storage and safety deposit boxes. In search of city's top entertainment, seek assistance at the hostel's ticket service and tours for reservations. For extended visits or whenever required, the laundromat ensures your preferred travel garments remain fresh and accessible.Craving relaxation? Make the most of your stay at the a&o Berlin Mitte with convenient amenities like room service and daily housekeeping at your disposal.Kindly note that smoking is prohibited in the hostel to ensure fresher air for all visitors. At a&o Berlin Mitte, every guestroom is provided with convenient amenities and fittings to ensure a comfortable stay. Enhance your experience at hostel with the knowledge that certain rooms are equipped with linen service and blackout curtains for your convenience. Certain rooms boast in-room amusement features such as television and cable TV, offering guests an enjoyable stay.In select rooms at the hostel, bottled water is available for those moments when it seems necessary. In the hostel, certain guest bathrooms come equipped with essential bathroom amenities, such as a hair dryer and toiletries, ensuring a comfortable stay for guests. Begin your day with a scrumptious on-site breakfast available each morning at a&o Berlin Mitte.Enjoy an entertaining evening with your fellow travelers at the hostel's bar. At a&o Berlin Mitte, visitors have the option to receive groceries directly in their accommodation, ensuring outstanding comfort and simplicity when it comes to meals. At the hostel, discerning guests can also enjoy on-site culinary facilities like shared kitchen tailored to their preferences.","Köpenicker Straße 127, 10179, Berlin, Germany",3.2,0.0,7.2,31869,64.0
Vienna House Easy by Wyndham Berlin Potsdamer Platz,,"['https://imgcy.trivago.com/c_fill,d_dummy.jpeg,e_sharpen:60,f_auto,h_267,q_40,w_400/partner-images/d0/8d/15f376e2af7e393785318326f6790cd1f6f5108a2e734263234b5d2d660d.jpeg', 'https://imgcy.trivago.com/c_fill,d_dummy.jpeg,e_sharpen:60,f_auto,h_267,q_40,w_400/partner-images/79/c3/f50cd8a9366fba9b5bd193a0190a28d21936a01399fa8ca1efcab3dee314.jpeg', 'https://imgcy.trivago.com/c_fill,d_dummy.jpeg,e_sharpen:60,f_auto,h_267,q_40,w_400/partner-images/c8/70/479624665836bedc4da378df43f63c10c1025bdd95969dac5866d2caff14.jpeg']","Each accommodation at Vienna House Easy by Wyndham Berlin Potsdamer Platz is thoughtfully created and adorned to provide visitors with a comfortable, home-like atmosphere.In select rooms of the hotel, guests can enjoy the advantage of having air conditioning available for their convenience.In select rooms, guests can enjoy a touch of amusement with the availability of television for their entertainment. Understanding the significance of bathroom facilities in enhancing visitor contentment, hotel offers a hair dryer and toiletries within a few chosen chambers.","DENNEWITZSTRASSE 44, 10785, Berlin, Germany",1.9,3.0,8.5,2203,69.0
Cozy Apartment Checkpoint Charlie,,"['https://imgcy.trivago.com/c_fill,d_dummy.jpeg,e_sharpen:60,f_auto,h_267,q_40,w_400/partner-images/d0/8d/15f376e2af7e393785318326f6790cd1f6f5108a2e734263234b5d2d660d.jpeg', 'https://imgcy.trivago.com/c_fill,d_dummy.jpeg,e_sharpen:60,f_auto,h_267,q_40,w_400/partner-images/79/c3/f50cd8a9366fba9b5bd193a0190a28d21936a01399fa8ca1efcab3dee314.jpeg', 'https://imgcy.trivago.com/c_fill,d_dummy.jpeg,e_sharpen:60,f_auto,h_267,q_40,w_400/partner-images/c8/70/479624665836bedc4da378df43f63c10c1025bdd95969dac5866d2caff14.jpeg']",N/A,N/A,1.7,0.0,9.2,229,324.0
Mercure Hotel & Residenz Berlin Checkpoint Charlie,,"['https://imgcy.trivago.com/c_fill,d_dummy.jpeg,e_sharpen:60,f_auto,h_267,q_40,w_400/partner-images/d0/8d/15f376e2af7e393785318326f6790cd1f6f5108a2e734263234b5d2d660d.jpeg', 'https://imgcy.trivago.com/c_fill,d_dummy.jpeg,e_sharpen:60,f_auto,h_267,q_40,w_400/partner-images/79/c3/f50cd8a9366fba9b5bd193a0190a28d21936a01399fa8ca1efcab3dee314.jpeg', 'https://imgcy.trivago.com/c_fill,d_dummy.jpeg,e_sharpen:60,f_auto,h_267,q_40,w_400/partner-images/c8/70/479624665836bedc4da378df43f63c10c1025bdd95969dac5866d2caff14.jpeg']","Bis zu den schicken Geschäften und dem quirligen Leben der Friedrichstraße und des Gendarmenmarktes ist es nur ein kurzer Spaziergang - und doch wohnen Sie als Gast des 4-Sterne Mercure Hotel & Residenz Berlin Checkpoint Charlie ruhig und komfortabel. Unsere großzügigen 117 Zimmer verfügen über eine Klimaanlage und kostenloses WLAN, viele Zimmer haben Balkone oder Terrassen zum grünen Innenhof.","Schützenstraße 11, 10117, Berlin, Germany",1.3,4.0,8.9,11739,108.0
sly Berlin,,"['https://imgcy.trivago.com/c_fill,d_dummy.jpeg,e_sharpen:60,f_auto,h_267,q_40,w_400/partner-images/d0/8d/15f376e2af7e393785318326f6790cd1f6f5108a2e734263234b5d2d660d.jpeg', 'https://imgcy.trivago.com/c_fill,d_dummy.jpeg,e_sharpen:60,f_auto,h_267,q_40,w_400/partner-images/79/c3/f50cd8a9366fba9b5bd193a0190a28d21936a01399fa8ca1efcab3dee314.jpeg', 'https://imgcy.trivago.com/c_fill,d_dummy.jpeg,e_sharpen:60,f_auto,h_267,q_40,w_400/partner-images/c8/70/479624665836bedc4da378df43f63c10c1025bdd95969dac5866d2caff14.jpeg']",No description available,"Petersburger Strasse 16, 10249, Berlin, Germany",4.8,5.0,9.1,1698,118.0
Hotel Adlon Kempinski Berlin,,"['https://imgcy.trivago.com/c_fill,d_dummy.jpeg,e_sharpen:60,f_auto,h_267,q_40,w_400/partner-images/d0/8d/15f376e2af7e393785318326f6790cd1f6f5108a2e734263234b5d2d660d.jpeg', 'https://imgcy.trivago.com/c_fill,d_dummy.jpeg,e_sharpen:60,f_auto,h_267,q_40,w_400/partner-images/79/c3/f50cd8a9366fba9b5bd193a0190a28d21936a01399fa8ca1efcab3dee314.jpeg', 'https://imgcy.trivago.com/c_fill,d_dummy.jpeg,e_sharpen:60,f_auto,h_267,q_40,w_400/partner-images/c8/70/479624665836bedc4da378df43f63c10c1025bdd95969dac5866d2caff14.jpeg']","Hotel Adlon Kempinski offers top-notch services and amenities, ensuring guests experience utmost comfort.Share your photos and respond to emails at your convenience, thanks to the free Wi-Fi internet access offered by hotel.Should you require transportation to or from the airport, hotel is able to organize it prior to your arrival date. Taxi, car hire and shuttle offerings at the hotel simplify arranging your excursions, explorations, and additional activities in Berlin.Visitors can take advantage of the accessible parking options directly at the hotel. Reception services such as concierge service, express check-in or check-out, luggage storage and safety deposit boxes are available to accommodate your requirements. Securing top-notch tickets and snagging sought-after dining reservations become effortless, thanks to the hotel's ticket service and tours. Traveling with minimal baggage is achievable at Hotel Adlon Kempinski, as the hotel's dry cleaning service and laundry service ensures your garments stay fresh. Room amenities like 24-hour room service and daily housekeeping contribute to making a perfect selection for your stay. The hotel maintains a completely smoke-free zone, providing a breathable atmosphere. Smoking is limited to specified smoking zones.Each accommodation at Hotel Adlon Kempinski is thoughtfully created and adorned to provide visitors with a comfortable, home-like atmosphere.In certain rooms, the hotel offers blackout curtains and air conditioning for guest convenience and satisfaction. At Hotel Adlon Kempinski, the uniquely tailored rooms provide a configuration choice resembling a separate living room.In select rooms, guests at the hotel can enjoy top-notch in-room entertainment with daily newspaper, television, in-room video streaming and cable TV available for their convenience.Rest assured, in a few chosen rooms, you will find the convenience of a refrigerator, bottled water, a coffee or tea maker and mini bar at your disposal. Maintain your cleanliness and comfort using a hair dryer, toiletries and bathrobes available in select guest restrooms.Immerse yourself in the executive lounge, where exceptional amenities and lavish surroundings await you. Embark on your holiday experience in the most ideal manner. Commence each morning of your visit with an on-site breakfast. Experience the delight of a fresh morning by savoring excellent coffee at the cafe situated within hotel.Should you prefer not to venture out for a meal, the enticing culinary choices at hotel are always available for your satisfaction.Experience an amazing evening effortlessly! Have an enjoyable night without venturing beyond the premises at bar and nightclub. Indulge in the numerous pursuits available at Hotel Adlon Kempinski.Make certain to allocate time for discovering the shoreline, easily reachable right from the hotel. Unwind after a long day by stopping by massage, salon, spa and sauna to rejuvenate your senses.Each day at hotel, immerse yourself in the invigorating waters of the pool, perfect for a rejuvenating plunge or a series of revitalizing laps. Bypass the formal attire and choose a laid-back mixed drink or brew at hotel's waterside lounge.For individuals who don't want to skip their exercise routine, visiting the hotel fitness center ensures you maintain your vitality and wellness.","Unter den Linden 77, 10117, Berlin, Germany",0.1,5.0,9.3,12424,463.0
Crowne Plaza Berlin City Centre Kudamm By Ihg,,"['https://imgcy.trivago.com/c_fill,d_dummy.jpeg,e_sharpen:60,f_auto,h_267,q_40,w_400/partner-images/d0/8d/15f376e2af7e393785318326f6790cd1f6f5108a2e734263234b5d2d660d.jpeg', 'https://imgcy.trivago.com/c_fill,d_dummy.jpeg,e_sharpen:60,f_auto,h_267,q_40,w_400/partner-images/79/c3/f50cd8a9366fba9b5bd193a0190a28d21936a01399fa8ca1efcab3dee314.jpeg', 'https://imgcy.trivago.com/c_fill,d_dummy.jpeg,e_sharpen:60,f_auto,h_267,q_40,w_400/partner-images/c8/70/479624665836bedc4da378df43f63c10c1025bdd95969dac5866d2caff14.jpeg']","A business hotel in Berlin city centre with a spa and conference facilities. Crowne Plaza® Berlin - City Ctr Nurnberger Ku'damm hotel is just off the famous Kurfürstendamm shopping street. Nearby U-Bahn station Zoologischer Garten or Wittenbergplatz provide access to Berlin Central Station or the iconic Brandenburg Gate in less than 15 minutes. Our 13 meeting rooms include private boardrooms and a conference centre for 1,000 guests. If you’re hosting an event, the Crowne Plaza Meetings Director can help arrange everything including catering. Delegates travelling by air can be at Berlin Airport (BER) in 40-60 minutes. Take a break at Berlin Zoo or the Haus der Kulturen der Welt arts centre in nearby Tiergarten park, also home to a lakeside beer garden. Ask the concierge for advice on local jogging routes. At this hotel you can enjoy: - Inclusive Wi-Fi as well as Indoor - outdoor parking for a daily fee Our Sleep Advantage® programme offers premium bedding and Quiet Zones for a good night’s sleep. Stay on your toes with a workout at the gym or a few laps in the indoor pool, book a treatment at the spa or wind down in the sauna. The Wilson’s Restaurant (closed until further notice) serves a classic American menu, with terrace dining in good weather. You can meet colleagues for a drink at Kemmons Bar.","Nuernberger Strasse 65, 10787, Berlin, Germany",2.9,4.0,8.6,17041,125.0
Schulz Hotel Berlin Wall at the East Side Gallery,,"['https://imgcy.trivago.com/c_fill,d_dummy.jpeg,e_sharpen:60,f_auto,h_267,q_40,w_400/partner-images/d0/8d/15f376e2af7e393785318326f6790cd1f6f5108a2e734263234b5d2d660d.jpeg', 'https://imgcy.trivago.com/c_fill,d_dummy.jpeg,e_sharpen:60,f_auto,h_267,q_40,w_400/partner-images/79/c3/f50cd8a9366fba9b5bd193a0190a28d21936a01399fa8ca1efcab3dee314.jpeg', 'https://imgcy.trivago.com/c_fill,d_dummy.jpeg,e_sharpen:60,f_auto,h_267,q_40,w_400/partner-images/c8/70/479624665836bedc4da378df43f63c10c1025bdd95969dac5866d2caff14.jpeg']","Newly opened in September 2018: Hotel Schulz Berlin Wall is located between East Side Gallery and Spree river in the popular area Friedrichshain and offers free highspeed Wi-Fi and a beer garden right next to an original piece of Berlin Wall. The hotel focuses on sustainability and social commitment. Nearby train station Ostbahnhof offers public transportation connections to all parts of Berlin Alexanderplatz is only 2 km away. Rooms are designed individually and are fitted with smart tv, adjustable room climate, USB-hubs and soundproof windows. All units are 100 porcent non-smoking and are equipped with desk and seating facility. Bathrooms are private and come with Queen size shower, care products and a hair dryer. Barrier free rooms are available. Pets are welcome at a fee. Guests at the accommodation will be able to use a fully equipped guest kitchen, a laundry room and library. Highspeed Wi-Fi is available for free throughout the whole property. Luggage deposit and lockers for valuables are available at a fee. The hotel offers free use of computers. A continental breakfast with international components can be enjoyed at the hotel restaurant. Vegan and gluten free options are available. The in-house café Martha offers Portugese specialities and fair-trade coffee, the hotel bar serves local brewed beer. The beer garden, open throughout spring, fall and summer, is located next to an original piece of the Berlin Wall. The property offers a 24-hour front desk and possibilities for pre-check-in and mobile check-in/check-out. Multilingual staff provide information on exploring the area. The Mercedes-Benz-Arena (0,8 km) and the popular districts Friedrichshain & Kreuzberg with their alternative art and culture-scene can be reached on foot. Berlin fair and central district Mitte with Alexanderplatz (2 km), Checkpoint Charlie (3 km) and Museum-Island (3 km) are easily to be reached by public transportation via train station Ostbahnhof. Berlin Tegel Airport is 11 k away, Berlin-Schönefeld airport is 15 km away.","Stralauer Platz 36, 10243, Berlin, Germany",3.9,3.0,8.6,31222,83.0
Motel One Berlin-Alexanderplatz,,"['https://imgcy.trivago.com/c_fill,d_dummy.jpeg,e_sharpen:60,f_auto,h_267,q_40,w_400/partner-images/d0/8d/15f376e2af7e393785318326f6790cd1f6f5108a2e734263234b5d2d660d.jpeg', 'https://imgcy.trivago.com/c_fill,d_dummy.jpeg,e_sharpen:60,f_auto,h_267,q_40,w_400/partner-images/79/c3/f50cd8a9366fba9b5bd193a0190a28d21936a01399fa8ca1efcab3dee314.jpeg', 'https://imgcy.trivago.com/c_fill,d_dummy.jpeg,e_sharpen:60,f_auto,h_267,q_40,w_400/partner-images/c8/70/479624665836bedc4da378df43f63c10c1025bdd95969dac5866d2caff14.jpeg']","Bunt und unkonventionell - das trifft nicht nur auf unser Motel One Berlin-Alexanderplatz, sondern auch auf den namensgebenden Platz zu. Denn dieser steht vor allem für kulturelle Vielfalt, Kontraste und Urbanität - und genau das, spiegelt sich auch in unserem Design wider: Von bunten Farbakzenten bis hin zu Street Art. Außerdem ist unser Motel One nicht nur der ideale Ausgangspunkt, um die Umgebung rund um das Hotel zu erkunden, sondern auch ideal gelegen, um die Großstadt zu erkunden.","Grunerstrasse 11, 10178, Berlin, Germany",2.3,3.0,8.8,18585,106.0
H10 Berlin Ku'damm,,"['https://imgcy.trivago.com/c_fill,d_dummy.jpeg,e_sharpen:60,f_auto,h_267,q_40,w_400/partner-images/ce/42/76b09de124e611a5d3c968abdf4ad0fd4bdccfd62a0f2c059121a90f0209.jpeg', 'https://imgcy.trivago.com/c_fill,d_dummy.jpeg,e_sharpen:60,f_auto,h_267,q_40,w_400/partner-images/e7/d8/dd4755c71e63836edea7481304e5c72a59e96186f5fe6ea52a5f66f4e58c.jpeg', 'https://imgcy.trivago.com/c_fill,d_dummy.jpeg,e_sharpen:60,f_auto,h_267,q_40,w_400/partner-images/57/a1/c817ff676a09b1943eff3c0d7112b0b3ecfa5bf8b2c44cb1078755ccf631.jpeg']","The H10 Berlin Kudamm is located in one of the citys historic buildings, standing just feet away from the famous Kurfürstendamm avenue, the main shopping street in western Berlin, and very close to the Kaiser Wilhelm Memorial Church and the zoo. The hotel features the Salt & Pepper Restaurant, the Steps Bar, a Despacio Beauty Centre and seven meeting rooms.","Joachimsthaler Str. 31-32, 10719, Berlin, Germany",3.5,4.0,8.9,12732,100.0
The Mandala Hotel,,"['https://imgcy.trivago.com/c_fill,d_dummy.jpeg,e_sharpen:60,f_auto,h_267,q_40,w_400/partner-images/ce/42/76b09de124e611a5d3c968abdf4ad0fd4bdccfd62a0f2c059121a90f0209.jpeg', 'https://imgcy.trivago.com/c_fill,d_dummy.jpeg,e_sharpen:60,f_auto,h_267,q_40,w_400/partner-images/e7/d8/dd4755c71e63836edea7481304e5c72a59e96186f5fe6ea52a5f66f4e58c.jpeg', 'https://imgcy.trivago.com/c_fill,d_dummy.jpeg,e_sharpen:60,f_auto,h_267,q_40,w_400/partner-images/57/a1/c817ff676a09b1943eff3c0d7112b0b3ecfa5bf8b2c44cb1078755ccf631.jpeg']","Potsdamer Platz is Berlin’s epicenter of contemporary architecture, putting The Mandala Hotel in good company. The unassuming entrance, the hidden Qiu Bar & Restaurant on the first floor, the fifth-floor two-Michelin-star restaurant Facil, with its leafy courtyard views, and the wonderful top-floor Ono Spa all help to provide guests with discreet relief from the area’s hustle and bustle. Interiors pare luxury down to its modern essence of serenity and subtle harmonies but spare no expense with designer furnishings and artwork.","Potsdamer Straße 3, 10785, Berlin, Germany",0.8,5.0,9.2,14459,204.0
NH Collection Berlin Mitte am Checkpoint Charlie,,"['https://imgcy.trivago.com/c_fill,d_dummy.jpeg,e_sharpen:60,f_auto,h_267,q_40,w_400/partner-images/ce/42/76b09de124e611a5d3c968abdf4ad0fd4bdccfd62a0f2c059121a90f0209.jpeg', 'https://imgcy.trivago.com/c_fill,d_dummy.jpeg,e_sharpen:60,f_auto,h_267,q_40,w_400/partner-images/e7/d8/dd4755c71e63836edea7481304e5c72a59e96186f5fe6ea52a5f66f4e58c.jpeg', 'https://imgcy.trivago.com/c_fill,d_dummy.jpeg,e_sharpen:60,f_auto,h_267,q_40,w_400/partner-images/57/a1/c817ff676a09b1943eff3c0d7112b0b3ecfa5bf8b2c44cb1078755ccf631.jpeg']","NH Collection Berlin Mitte am Checkpoint Charlie, formerly known as NH Berlin Mitte Leipziger Strasse, is in the lively Mitte district, steps away from the Friedrichstrasse shopping street. Some of the city’s famous attractions, like Checkpoint Charlie and the Potsdamer Platz square are 10 minutes away on foot. Walk further and you will find yourself at the Gendarmenmarkt Square. For connections to the airport and other Berlin attractions, guests can catch the train at the nearby Stadtmitte U-Bahn metro station. NH Collection Berlin Mitte am Checkpoint Charlie features 392 rooms for every type of traveler, including connecting and family rooms. The décor is contemporary with a neutral palette highlighted by bright pops of color. For those who have trouble sleeping, there are ultra-quiet rooms. Every morning, guests may enjoy our delicious breakfast buffet. During lunch or dinner, NH Collection Berlin Mitte am Checkpoint Charlie Restaurant offers a comfortable atmosphere and a selection of international dishes. Or relax with a drink at the Grissini Bar, which features a Spanish Jamonería and an extensive wine list, all of which can be enjoyed on a terrace. There is also a wellness center with a gym and relaxation room.  For business travelers, 15 conference rooms are available and feature SMART Room Systems for videoconferencing.","Leipziger Straße 106-111, 10117, Berlin, Germany",1.0,4.0,8.6,20871,122.0
Hampton by Hilton Berlin City West,,"['https://imgcy.trivago.com/c_fill,d_dummy.jpeg,e_sharpen:60,f_auto,h_267,q_40,w_400/partner-images/ce/42/76b09de124e611a5d3c968abdf4ad0fd4bdccfd62a0f2c059121a90f0209.jpeg', 'https://imgcy.trivago.com/c_fill,d_dummy.jpeg,e_sharpen:60,f_auto,h_267,q_40,w_400/partner-images/e7/d8/dd4755c71e63836edea7481304e5c72a59e96186f5fe6ea52a5f66f4e58c.jpeg', 'https://imgcy.trivago.com/c_fill,d_dummy.jpeg,e_sharpen:60,f_auto,h_267,q_40,w_400/partner-images/57/a1/c817ff676a09b1943eff3c0d7112b0b3ecfa5bf8b2c44cb1078755ccf631.jpeg']","Hampton by Hilton™ Berlin City West – in the centre of ‘City West’, in the middle of Berlin’s posh surroundings – therefore the best place to stay in Berlin. Hampton by Hilton™ is symbolic for accommodation with highest standards combined with moderate pricing and great value for your money. This brand has been developed for price-conscious traveling and has been classified with 3 Stars. Experience the market entry of the first Hampton by Hilton™ in Germany in Berlin’s most distinguished 'City West’ location – with close proximities to the renowned Kurfürstendamm (Ku’damm). You will find everything your heart desires: an abundance of possibilities to shop, numerous restaurants, and an excellent connection to Berlin’s public transport. Get inspired by the surroundings – stroll through the many chic boutiques on Ku’damm, treat yourself to some luxury at KaDeWe - the largest department store in Europe, pamper your senses in one of the numerous bars and restaurants around the Savignyplatz or discover the city on your own device by underground starting at Uhlandstrasse or Zoologischer Garten. Whether you are travelling on leisure or business, the new Hampton by Hilton™ is your start, your stepping stone, your trampoline into a new day, to the city, into the Berlin life. With its bold and yet discreet design, Hampton by Hilton™ creates an intriguing atmosphere, which invites the guest already upon arrival to relax and unwind in style. Trusted for a good night’s rest by value conscious and quality minded travelers. Therefore, Hampton by Hilton™ presents its rooms with noble and high quality interior with accents on a wide range of functions. All rooms are featured with a comfortable double-bed with several pillows, flat-screen TV, work-desk and further accessories like radio-alarm, electric kettle, iron, ironing-board and an individual adjustable air-conditioning. Large, fluffy towels and a 'rain-shower’ complement the fully equipped bathrooms. Additionally, our Hampton by Hilton™ Rooms Plus have been featured with a sofa, which can be converted to a double-bed. Our Hampton by Hilton™ Deluxe Rooms are located on our top floor and have a terrace with a great view over the city. Switch to comfy-mode in our HUB-Bar, which is open 24/7, and get indulged with some of our hot and cold snacks and drinks. Whether you would like to chill-out in our living-room-like ‘Living Zone’ or get prepared for the next meeting in our ‘Working Zone’, rest assured that we will look after you around the clock and you can feel like home away from home. Atmosphere pure. The Hampton by Hilton™ Berlin/City West is featured with modern gym facilities as well as 3 conference rooms for up to 100 guests. Hampton invites its guests to enjoy a free bountiful breakfast with hot and cold choices – even our breakfast sets new standards by sticking to high quality and usage of well-known products. Furthermore, we offer complimentary WLAN-access throughout the hotel. The Hampton by Hilton™ team offers you a feel-good-guarantee – open, friendly, personal, honest and with charming heartiness. Experience an unforgettable stay with us and feel the city’s pulse. Whether you are an early-bird-booker or a spontaneous city-cruiser, we have the best price for you. Regardless of whether you are booking in advance or if you would like to stay flexible with your stay, when booking via www.hilton.de we guarantee the best available rates. Booking in advance pays off, you will always find an excellent price and something to look forward to. Hampton by Hilton™ will fulfil your expectations and guarantees a 100%-satisfaction – our 100% satisfaction stands surety for this and if you are not happy with your stay, we do not expect you to pay. Our commitment is your guarantee - that is 100% Hampton by Hilton™. Hampton by Hilton™ Berlin City West - we love having you here™.","Uhlandstrasse 188-189, 10623, Berlin, Germany",3.7,3.0,8.7,17628,129.0
Hotel AVAlex,,"['https://imgcy.trivago.com/c_fill,d_dummy.jpeg,e_sharpen:60,f_auto,h_267,q_40,w_400/partner-images/ce/42/76b09de124e611a5d3c968abdf4ad0fd4bdccfd62a0f2c059121a90f0209.jpeg', 'https://imgcy.trivago.com/c_fill,d_dummy.jpeg,e_sharpen:60,f_auto,h_267,q_40,w_400/partner-images/e7/d8/dd4755c71e63836edea7481304e5c72a59e96186f5fe6ea52a5f66f4e58c.jpeg', 'https://imgcy.trivago.com/c_fill,d_dummy.jpeg,e_sharpen:60,f_auto,h_267,q_40,w_400/partner-images/57/a1/c817ff676a09b1943eff3c0d7112b0b3ecfa5bf8b2c44cb1078755ccf631.jpeg']","Hotel AVAlex offers top-notch services and amenities, ensuring guests experience utmost comfort.Share your photos and respond to emails at your convenience, thanks to the free Wi-Fi internet access offered by hotel.Visitors can take advantage of the accessible parking options directly at the hotel. Room amenities feature daily housekeeping, allowing you to unwind and make the most of your visit. The hotel maintains a completely smoke-free zone, providing a breathable atmosphere.Each accommodation at Hotel AVAlex is thoughtfully created and adorned to provide visitors with a comfortable, home-like atmosphere.In certain rooms, the hotel offers linen service and blackout curtains for guest convenience and satisfaction. In select rooms, guests can enjoy a touch of amusement with the availability of television for their entertainment.","Greifswalder Straße 225, 10405, Berlin, Germany",3.6,0.0,7.2,909,61.0
Park Inn by Radisson Berlin Alexanderplatz,,"['https://imgcy.trivago.com/c_fill,d_dummy.jpeg,e_sharpen:60,f_auto,h_267,q_40,w_400/partner-images/ce/42/76b09de124e611a5d3c968abdf4ad0fd4bdccfd62a0f2c059121a90f0209.jpeg', 'https://imgcy.trivago.com/c_fill,d_dummy.jpeg,e_sharpen:60,f_auto,h_267,q_40,w_400/partner-images/e7/d8/dd4755c71e63836edea7481304e5c72a59e96186f5fe6ea52a5f66f4e58c.jpeg', 'https://imgcy.trivago.com/c_fill,d_dummy.jpeg,e_sharpen:60,f_auto,h_267,q_40,w_400/partner-images/57/a1/c817ff676a09b1943eff3c0d7112b0b3ecfa5bf8b2c44cb1078755ccf631.jpeg']","Stay at Park Inn by Radisson Berlin Alexanderplatz Hotel adjacent to Galeria Kaufhof, Prenzlauer Berg, Hackesche Höfe and the Pergamon Museum","Alexanderplatz 7, 10178, Berlin, Germany",2.5,4.0,7.9,61252,99.0
Hotel AMANO Grand Central,,"['https://imgcy.trivago.com/c_fill,d_dummy.jpeg,e_sharpen:60,f_auto,h_267,q_40,w_400/partner-images/ce/42/76b09de124e611a5d3c968abdf4ad0fd4bdccfd62a0f2c059121a90f0209.jpeg', 'https://imgcy.trivago.com/c_fill,d_dummy.jpeg,e_sharpen:60,f_auto,h_267,q_40,w_400/partner-images/e7/d8/dd4755c71e63836edea7481304e5c72a59e96186f5fe6ea52a5f66f4e58c.jpeg', 'https://imgcy.trivago.com/c_fill,d_dummy.jpeg,e_sharpen:60,f_auto,h_267,q_40,w_400/partner-images/57/a1/c817ff676a09b1943eff3c0d7112b0b3ecfa5bf8b2c44cb1078755ccf631.jpeg']","Located in Mitte, Hotel AMANO Grand Central is a perfect starting point from which to explore Berlin. The property offers guests a range of services and amenities designed to provide comfort and convenience. 24-hour front desk, facilities for disabled guests, luggage storage, Wi-Fi in public areas, restaurant are just some of the facilities on offer. Each guestroom is elegantly furnished and equipped with handy amenities. Take a break from a long day and make use of the fitness center, garden. Discover all Berlin has to offer by making Hotel AMANO Grand Central your base.","Heidestrasse 62, 10557, Berlin, Germany",1.4,3.0,8.4,19828,87.0
Hotel Berlin Potsdamer Platz by Leonardo Hotels,,"['https://imgcy.trivago.com/c_fill,d_dummy.jpeg,e_sharpen:60,f_auto,h_267,q_40,w_400/partner-images/ce/42/76b09de124e611a5d3c968abdf4ad0fd4bdccfd62a0f2c059121a90f0209.jpeg', 'https://imgcy.trivago.com/c_fill,d_dummy.jpeg,e_sharpen:60,f_auto,h_267,q_40,w_400/partner-images/e7/d8/dd4755c71e63836edea7481304e5c72a59e96186f5fe6ea52a5f66f4e58c.jpeg', 'https://imgcy.trivago.com/c_fill,d_dummy.jpeg,e_sharpen:60,f_auto,h_267,q_40,w_400/partner-images/57/a1/c817ff676a09b1943eff3c0d7112b0b3ecfa5bf8b2c44cb1078755ccf631.jpeg']","Experience an abundance of unparalleled facilities and features at Hotel Berlin Potsdamer Platz by Leonardo Hotels.Maintain seamless communication using the complimentary Wi-Fi at hotel. During your stay at this fantastic hotel, the attentive front desk personnel can provide you with a range of amenities such as luggage storage and safety deposit boxes. For extended visits or whenever required, the laundry service ensures your preferred travel garments remain fresh and accessible. Craving relaxation? Make the most of your stay at the Hotel Berlin Potsdamer Platz by Leonardo Hotels with convenient amenities like room service and daily housekeeping at your disposal. Kindly note that smoking is prohibited in the hotel to ensure fresher air for all visitors. At Hotel Berlin Potsdamer Platz by Leonardo Hotels, every guestroom is provided with convenient amenities and fittings to ensure a comfortable stay.Elevate your experience at hotel with the knowledge that certain rooms are equipped with air conditioning, ensuring a more pleasant stay for you.A few accommodations within Hotel Berlin Potsdamer Platz by Leonardo Hotels offer unique design elements such as a balcony or terrace. Certain rooms offer in-room amusement features such as the television for your enjoyment. In select rooms within the hotel, a coffee or tea maker and mini bar is available to cater to your requirements when desired.In the hotel, certain guest bathrooms come equipped with essential bathroom amenities, such as a hair dryer and toiletries, ensuring a comfortable stay for guests. Begin your day with a scrumptious on-site breakfast available each morning at Hotel Berlin Potsdamer Platz by Leonardo Hotels.At the hotel, an assortment of easily accessible and delicious meal choices are available to satisfy your appetite whenever it strikes. Enjoy an entertaining evening with your fellow travelers at the hotel's bar.During your stay at hotel, an array of engaging activities and amenities guarantees a delightful experience.Conclude your holiday perfectly with a visit to steam room and sauna on your final days. Discover the fitness amenities at hotel to maintain your health and strength during your getaway.","Hallesche Street 10, 10963, Berlin, Germany",1.6,4.0,8.8,11804,105.0
Hotel Tiergarten Berlin,,"['https://imgcy.trivago.com/c_fill,d_dummy.jpeg,e_sharpen:60,f_auto,h_267,q_40,w_400/partner-images/ce/42/76b09de124e611a5d3c968abdf4ad0fd4bdccfd62a0f2c059121a90f0209.jpeg', 'https://imgcy.trivago.com/c_fill,d_dummy.jpeg,e_sharpen:60,f_auto,h_267,q_40,w_400/partner-images/e7/d8/dd4755c71e63836edea7481304e5c72a59e96186f5fe6ea52a5f66f4e58c.jpeg', 'https://imgcy.trivago.com/c_fill,d_dummy.jpeg,e_sharpen:60,f_auto,h_267,q_40,w_400/partner-images/57/a1/c817ff676a09b1943eff3c0d7112b0b3ecfa5bf8b2c44cb1078755ccf631.jpeg']","Experience an abundance of unparalleled facilities and features at Hotel Tiergarten Berlin. Maintain seamless communication using the complimentary Wi-Fi at hotel.Effortlessly arrange transportation to and from the airport using the hotel's airport transfer services. Guests can avail parking facilities at the hotel. During your stay at this fantastic hotel, the attentive front desk personnel can provide you with a range of amenities such as concierge service, express check-in or check-out, luggage storage and safety deposit boxes.In search of city's top entertainment, seek assistance at the hotel's ticket service and tours for reservations. At the hotel, utilize the on-site dry cleaning service and laundry service to maintain your beloved travel attire fresh, allowing you to bring fewer clothes.During leisurely days and evenings, on-site amenities such as daily housekeeping enable you to fully enjoy your accommodation. For all your minor, last-minute requirements, the convenience stores can promptly cater to them, eliminating the need to venture out.Kindly note that smoking is prohibited in the hotel to ensure fresher air for all visitors. For visitors wishing to smoke, designated smoking zones can be found. At Hotel Tiergarten Berlin, every guestroom is provided with convenient amenities and fittings to ensure a comfortable stay. Elevate your experience at hotel with the knowledge that certain rooms are equipped with linen service, ensuring a more pleasant stay for you. Certain rooms boast in-room amusement features such as television and cable TV, offering guests an enjoyable stay.In select rooms within the hotel, a refrigerator and mini bar is available to cater to your requirements when desired.In the hotel, certain guest bathrooms come equipped with essential bathroom amenities, such as a hair dryer and toiletries, ensuring a comfortable stay for guests. Begin your day with a scrumptious on-site breakfast available each morning at Hotel Tiergarten Berlin.Begin your day feeling refreshed and invigorated as you enjoy a delightful cup of quality coffee available at the cafe situated within the hotel. At Hotel Tiergarten Berlin, guests can access vending machines that provide light snacks and beverages 24 hours a day.During your stay at hotel, an array of engaging activities and amenities guarantees a delightful experience. During your stay, don't forget to allocate some moments to experience the readily available shoreline. Conclude your holiday experience perfectly by visiting salon before you depart.","Alt-Moabit 89, 10559, Berlin, Germany",2.5,3.0,7.7,5006,88.0
Numa Berlin Arc,,"['https://imgcy.trivago.com/c_fill,d_dummy.jpeg,e_sharpen:60,f_auto,h_267,q_40,w_400/partner-images/ce/42/76b09de124e611a5d3c968abdf4ad0fd4bdccfd62a0f2c059121a90f0209.jpeg', 'https://imgcy.trivago.com/c_fill,d_dummy.jpeg,e_sharpen:60,f_auto,h_267,q_40,w_400/partner-images/e7/d8/dd4755c71e63836edea7481304e5c72a59e96186f5fe6ea52a5f66f4e58c.jpeg', 'https://imgcy.trivago.com/c_fill,d_dummy.jpeg,e_sharpen:60,f_auto,h_267,q_40,w_400/partner-images/57/a1/c817ff676a09b1943eff3c0d7112b0b3ecfa5bf8b2c44cb1078755ccf631.jpeg']",N/A,N/A,1.6,4.0,8.3,10053,94.0
Scandic Berlin Potsdamer Platz,,"['https://imgcy.trivago.com/c_fill,d_dummy.jpeg,e_sharpen:60,f_auto,h_267,q_40,w_400/partner-images/ce/42/76b09de124e611a5d3c968abdf4ad0fd4bdccfd62a0f2c059121a90f0209.jpeg', 'https://imgcy.trivago.com/c_fill,d_dummy.jpeg,e_sharpen:60,f_auto,h_267,q_40,w_400/partner-images/e7/d8/dd4755c71e63836edea7481304e5c72a59e96186f5fe6ea52a5f66f4e58c.jpeg', 'https://imgcy.trivago.com/c_fill,d_dummy.jpeg,e_sharpen:60,f_auto,h_267,q_40,w_400/partner-images/57/a1/c817ff676a09b1943eff3c0d7112b0b3ecfa5bf8b2c44cb1078755ccf631.jpeg']","Enjoy a meal in our hotel restaurant with its refreshing summer meadow design, or discover ever-changing autumn in the earthy lounge bar. Our rooms have different seasonal themes - choose one that's decorated after your favourite time of year! We offer excellent meeting facilites and can host conferences and events for up to 600 people.","Gabriele-Tergit-Promenade 19, 10963, Berlin, Germany",1.3,4.0,8.5,29046,96.0
Hotel Berlin Mitte by Campanile,,"['https://imgcy.trivago.com/c_fill,d_dummy.jpeg,e_sharpen:60,f_auto,h_267,q_40,w_400/partner-images/ce/42/76b09de124e611a5d3c968abdf4ad0fd4bdccfd62a0f2c059121a90f0209.jpeg', 'https://imgcy.trivago.com/c_fill,d_dummy.jpeg,e_sharpen:60,f_auto,h_267,q_40,w_400/partner-images/e7/d8/dd4755c71e63836edea7481304e5c72a59e96186f5fe6ea52a5f66f4e58c.jpeg', 'https://imgcy.trivago.com/c_fill,d_dummy.jpeg,e_sharpen:60,f_auto,h_267,q_40,w_400/partner-images/57/a1/c817ff676a09b1943eff3c0d7112b0b3ecfa5bf8b2c44cb1078755ccf631.jpeg']","Hotel Berlin Mitte by Campanile offers top-notch services and amenities, ensuring guests experience utmost comfort. Share your photos and respond to emails at your convenience, thanks to the free Wi-Fi internet access offered by hotel. Visitors can take advantage of the accessible parking options directly at the hotel.Reception services such as luggage storage and safety deposit boxes are available to accommodate your requirements.Securing top-notch tickets and snagging sought-after dining reservations become effortless, thanks to the hotel's ticket service and tours. Traveling with minimal baggage is achievable at Hotel Berlin Mitte by Campanile, as the hotel's dry cleaning service and laundry service ensures your garments stay fresh. Room amenities like room service and daily housekeeping contribute to making a perfect selection for your stay. The hotel maintains a completely smoke-free zone, providing a breathable atmosphere.Each accommodation at Hotel Berlin Mitte by Campanile is thoughtfully created and adorned to provide visitors with a comfortable, home-like atmosphere. In select rooms of the hotel, guests can enjoy the advantage of having linen service available for their convenience.In select rooms, guests at the hotel can enjoy top-notch in-room entertainment with television and cable TV available for their convenience. Rest assured, in a few chosen rooms, the presence of bottled water can be found. Maintain your cleanliness and comfort using a hair dryer and toiletries available in select guest restrooms. Embark on your holiday experience in the most ideal manner. Commence each morning of your visit with an on-site breakfast.Should you prefer not to venture out for a meal, the enticing culinary choices at hotel are always available for your satisfaction.Experience an unforgettable evening with your fellow travelers just a short distance away, at hotel's bar. Should you be particularly discerning in your dining choices, you will surely appreciate having access to the on-site shared kitchen provided at this location.","Invalidenstraße 98, 10115, Berlin, Germany",1.5,3.0,7.7,3978,82.0
Hotel Gat Point Charlie,,"['https://imgcy.trivago.com/c_fill,d_dummy.jpeg,e_sharpen:60,f_auto,h_267,q_40,w_400/partner-images/ce/42/76b09de124e611a5d3c968abdf4ad0fd4bdccfd62a0f2c059121a90f0209.jpeg', 'https://imgcy.trivago.com/c_fill,d_dummy.jpeg,e_sharpen:60,f_auto,h_267,q_40,w_400/partner-images/e7/d8/dd4755c71e63836edea7481304e5c72a59e96186f5fe6ea52a5f66f4e58c.jpeg', 'https://imgcy.trivago.com/c_fill,d_dummy.jpeg,e_sharpen:60,f_auto,h_267,q_40,w_400/partner-images/57/a1/c817ff676a09b1943eff3c0d7112b0b3ecfa5bf8b2c44cb1078755ccf631.jpeg']",N/A,N/A,1.1,3.0,8.4,18337,78.0
ibis budget Berlin City Potsdamer Platz,,"['https://imgcy.trivago.com/c_fill,d_dummy.jpeg,e_sharpen:60,f_auto,h_267,q_40,w_400/partner-images/ce/42/76b09de124e611a5d3c968abdf4ad0fd4bdccfd62a0f2c059121a90f0209.jpeg', 'https://imgcy.trivago.com/c_fill,d_dummy.jpeg,e_sharpen:60,f_auto,h_267,q_40,w_400/partner-images/e7/d8/dd4755c71e63836edea7481304e5c72a59e96186f5fe6ea52a5f66f4e58c.jpeg', 'https://imgcy.trivago.com/c_fill,d_dummy.jpeg,e_sharpen:60,f_auto,h_267,q_40,w_400/partner-images/57/a1/c817ff676a09b1943eff3c0d7112b0b3ecfa5bf8b2c44cb1078755ccf631.jpeg']",Das ibis budget Potsdamer Platz befindet sich in direkter Citylage nahe Potsdamer Platz und Brandenburger Tor. Die Anreise ist mit den öffentlichen Verkehrsmitteln oder über die 3 km entfernte A100 bequem möglich. Zum Hotel gehören 217 modern eingerichtete Zimmer. Unser WLAN-Zugang steht Ihnen kostenlos zur Verfügung und unsere Rezeption ist rund um die Uhr geöffnet. Ein Frühstücksbuffet am Morgen sowie ein Getränke- und Snackautomat helfen gegen Hunger und Durst. Kostenpflichtige Tiefgarage am Hotel.,"Anhalter Strasse 6, 10963, Berlin, Germany",1.3,1.0,7.7,16888,75.0
H2 Berlin-Alexanderplatz,,"['https://imgcy.trivago.com/c_fill,d_dummy.jpeg,e_sharpen:60,f_auto,h_267,q_40,w_400/partner-images/ce/42/76b09de124e611a5d3c968abdf4ad0fd4bdccfd62a0f2c059121a90f0209.jpeg', 'https://imgcy.trivago.com/c_fill,d_dummy.jpeg,e_sharpen:60,f_auto,h_267,q_40,w_400/partner-images/e7/d8/dd4755c71e63836edea7481304e5c72a59e96186f5fe6ea52a5f66f4e58c.jpeg', 'https://imgcy.trivago.com/c_fill,d_dummy.jpeg,e_sharpen:60,f_auto,h_267,q_40,w_400/partner-images/57/a1/c817ff676a09b1943eff3c0d7112b0b3ecfa5bf8b2c44cb1078755ccf631.jpeg']","Das H4 Hotel Berlin Alexanderplatz verwöhnt mit gehobenen Komfort in 336 Zimmer und Suiten mit Klimaanlage, Kaffee & Teestation Safe, Flatscreen-TV mit SKY Sports, Radio und inklusivem WLAN. Der SPA Bereich mit Whirlwanne und Sauna sorgen für Entspannung. Das Hotelrestaurant inklusive Kaminzimmer und separater Raucherlounge sowie die Hotelbar „Destille“ laden in gemütlicher Atmosphäre zum Verweilen ein. Kostenpflichtige Parkplätze und 2 Elektro-Tankstellen stehen in der Tiefgarage zur Verfügung.","Karl-Liebknecht-Straße 32, 10178, Berlin, Germany",2.7,4.0,8.5,39471,125.0
